-- phpMyAdmin SQL Dump
-- version 4.5.0.2
-- http://www.phpmyadmin.net
--
-- Servidor: 127.0.0.1
-- Tiempo de generación: 10-04-2016 a las 06:51:09
-- Versión del servidor: 10.0.17-MariaDB
-- Versión de PHP: 5.6.14

SET SQL_MODE = "NO_AUTO_VALUE_ON_ZERO";
SET time_zone = "+00:00";


/*!40101 SET @OLD_CHARACTER_SET_CLIENT=@@CHARACTER_SET_CLIENT */;
/*!40101 SET @OLD_CHARACTER_SET_RESULTS=@@CHARACTER_SET_RESULTS */;
/*!40101 SET @OLD_COLLATION_CONNECTION=@@COLLATION_CONNECTION */;
/*!40101 SET NAMES utf8mb4 */;

--
-- Base de datos: `mundocente`
--

-- --------------------------------------------------------

--
-- Estructura de tabla para la tabla `areas`
--

CREATE TABLE `areas` (
  `ID_AREA` int(11) NOT NULL,
  `NOMBRE_AREA` varchar(30) NOT NULL
) ENGINE=InnoDB DEFAULT CHARSET=latin1;

--
-- Volcado de datos para la tabla `areas`
--

INSERT INTO `areas` (`ID_AREA`, `NOMBRE_AREA`) VALUES
(1, 'MATEMATICAS'),
(2, 'FISICA'),
(3, 'SOCIALES'),
(4, 'FILOSOFIA'),
(5, 'BIOLOGIA'),
(6, 'QUIMICA'),
(7, 'PSICOLOGIA'),
(8, 'ARTES'),
(9, 'HISTORIA'),
(10, 'ESPAÑOL'),
(11, 'GEOGRAFIA'),
(12, 'EDU FISICA'),
(13, 'CONTADURIA'),
(14, 'IDIOMAS'),
(15, 'ETICA'),
(16, 'INFORMATICA'),
(17, 'ECONOMIA'),
(18, 'INGENIERIA');

-- --------------------------------------------------------

--
-- Estructura de tabla para la tabla `asuntos`
--

CREATE TABLE `asuntos` (
  `ID_LUGAR` int(11) NOT NULL,
  `ID_ASUNTO` int(11) NOT NULL,
  `NOMBRE_ASUNTO` varchar(100) NOT NULL,
  `TIPO_ASUNTO` char(2) NOT NULL,
  `FECHA_INICIO_ASUNTO` date NOT NULL,
  `FECHA_CIERRE` date DEFAULT NULL,
  `TELEFONO_ASUNTO` decimal(15,0) DEFAULT NULL,
  `URL_ASUNTO` varchar(200) DEFAULT NULL,
  `CATEGORIA_EVENTO` char(2) DEFAULT NULL,
  `DIRECCION_EVENTO` varchar(50) DEFAULT NULL,
  `DESCRIPCION_EVENTO` varchar(300) DEFAULT NULL,
  `CONTACTO_EVENTO` varchar(100) DEFAULT NULL,
  `DIRECCION_REVISTA` varchar(50) DEFAULT NULL,
  `TELEFONO_REVISTA` decimal(15,0) DEFAULT NULL,
  `CORREO_REVISTA` varchar(50) DEFAULT NULL,
  `SALARIO_EMPLEO` float DEFAULT NULL,
  `REQUISITOS_EMPLEO` varchar(300) DEFAULT NULL,
  `TIPO_CONTRATO_EMPLEO` char(2) DEFAULT NULL
) ENGINE=InnoDB DEFAULT CHARSET=latin1;

--
-- Volcado de datos para la tabla `asuntos`
--

INSERT INTO `asuntos` (`ID_LUGAR`, `ID_ASUNTO`, `NOMBRE_ASUNTO`, `TIPO_ASUNTO`, `FECHA_INICIO_ASUNTO`, `FECHA_CIERRE`, `TELEFONO_ASUNTO`, `URL_ASUNTO`, `CATEGORIA_EVENTO`, `DIRECCION_EVENTO`, `DESCRIPCION_EVENTO`, `CONTACTO_EVENTO`, `DIRECCION_REVISTA`, `TELEFONO_REVISTA`, `CORREO_REVISTA`, `SALARIO_EMPLEO`, `REQUISITOS_EMPLEO`, `TIPO_CONTRATO_EMPLEO`) VALUES
(359, 1, 'Docentes para secundaria y preparatoria', 'EM', '2016-04-06', '2016-04-08', '311250520', NULL, NULL, NULL, NULL, NULL, NULL, NULL, NULL, NULL, 'Licenciad(@) graduad@', 'TI'),
(359, 2, 'Licenciadas Pre Escolar nocturnos', 'EM', '2016-04-09', '2016-04-26', '320320226', NULL, NULL, NULL, NULL, NULL, NULL, NULL, NULL, NULL, 'solicitamos docentes no mayores a 26 años en pre-escolar', 'TF'),
(359, 3, 'trabajo 1', 'EM', '2016-04-05', '2016-05-15', '311228806', NULL, NULL, NULL, NULL, NULL, NULL, NULL, NULL, NULL, 'datos trabajo1', 'TF'),
(400, 4, 'trabajo 2', 'EM', '2016-04-08', '2016-05-10', '123456', NULL, NULL, NULL, NULL, NULL, NULL, NULL, NULL, NULL, 'datos trabajo2', 'TF'),
(359, 5, 'trabajo 3', 'EM', '2016-04-05', '2016-05-15', '12385494', NULL, NULL, NULL, NULL, NULL, NULL, NULL, NULL, NULL, 'datos trabajo3', 'TF'),
(359, 6, 'trabajo 4', 'EM', '2016-04-09', '2016-05-29', '945825', NULL, NULL, NULL, NULL, NULL, NULL, NULL, NULL, NULL, 'datos trabajo4', 'TF'),
(359, 7, 'evento1 4', 'EV', '2016-04-09', '2016-05-29', '945825', NULL, 'CO', 'calle falsa123', 'congreso 1', 'congreso.com', NULL, NULL, NULL, NULL, NULL, NULL),
(50, 8, 'evento1 5', 'EV', '2016-04-09', '2016-06-29', '945825', NULL, 'CO', 'calle falsa123', 'congreso 2', 'congreso2.com', NULL, NULL, NULL, NULL, NULL, NULL),
(359, 9, 'evento1 6', 'EV', '2016-04-10', '2016-07-29', '945825', NULL, 'CO', 'calle falsa123', 'congreso 3', 'congreso3.com', NULL, NULL, NULL, NULL, NULL, NULL);

-- --------------------------------------------------------

--
-- Estructura de tabla para la tabla `docentes`
--

CREATE TABLE `docentes` (
  `ID_DOCENTE` int(11) NOT NULL,
  `ID_LUGAR` int(11) NOT NULL,
  `NOMBRE_DOCENTE` varchar(50) NOT NULL,
  `APELLIDO_DOCENTE` varchar(50) NOT NULL,
  `FECHA_NACIMIENTO` date NOT NULL,
  `GENERO` char(1) NOT NULL,
  `DESCRIPCION_PROFESION` varchar(500) NOT NULL
) ENGINE=InnoDB DEFAULT CHARSET=latin1;

-- --------------------------------------------------------

--
-- Estructura de tabla para la tabla `establecimientos`
--

CREATE TABLE `establecimientos` (
  `ID_ESTABLECIMIENTO` int(11) NOT NULL,
  `NOMBRE_ESTABLECIMIENTO` varchar(50) NOT NULL,
  `TIPO_ESTABLECIMIENTO` char(2) NOT NULL,
  `ACREDITACION` varchar(50) DEFAULT NULL
) ENGINE=InnoDB DEFAULT CHARSET=latin1;

--
-- Volcado de datos para la tabla `establecimientos`
--

INSERT INTO `establecimientos` (`ID_ESTABLECIMIENTO`, `NOMBRE_ESTABLECIMIENTO`, `TIPO_ESTABLECIMIENTO`, `ACREDITACION`) VALUES
(1, 'UNIVERSIDAD PEDAGÓGICA Y TECNOLÓGICA DE COLOMBIA', 'UN', 'Alta calidad'),
(2, 'SENA', 'IN', NULL),
(3, 'SANTO TOMAS', 'UN', NULL),
(4, 'JUAN DE CASTELLANOS', 'UN', NULL),
(5, 'UNIBOYACA', 'UN', NULL);

-- --------------------------------------------------------

--
-- Estructura de tabla para la tabla `funcionarios`
--

CREATE TABLE `funcionarios` (
  `ID_FUNCIONARIO` int(11) NOT NULL,
  `ID_LUGAR` int(11) NOT NULL,
  `ID_ESTABLECIMIENTO` int(11) NOT NULL,
  `NOMBRE_FUNCIONARIO` varchar(50) NOT NULL,
  `APELLIDO_FUNCIONARIO` varchar(50) NOT NULL,
  `CARGO_FUNCIONARIO` varchar(30) NOT NULL,
  `CORREO_FUNCIONARIO` varchar(100) NOT NULL,
  `TELEFONO_FUNCIONARIO` decimal(15,0) NOT NULL
) ENGINE=InnoDB DEFAULT CHARSET=latin1;

--
-- Volcado de datos para la tabla `funcionarios`
--

INSERT INTO `funcionarios` (`ID_FUNCIONARIO`, `ID_LUGAR`, `ID_ESTABLECIMIENTO`, `NOMBRE_FUNCIONARIO`, `APELLIDO_FUNCIONARIO`, `CARGO_FUNCIONARIO`, `CORREO_FUNCIONARIO`, `TELEFONO_FUNCIONARIO`) VALUES
(7286086, 359, 5, 'JUAN JOSE', 'CAMARGO VEGA', 'SECRETARIO', 'JUAN_01@CORREO.CO', '7457033'),
(10472635, 359, 3, 'JAVIER FERNANO', 'OTALORA ARIAS', 'SECRETARIO', 'JAVIER_01@CORREO.CO', '7429680'),
(10503025, 359, 1, 'JOSE ARMANDO', 'CASTRO MARTINEZ', 'SECRETARIO', 'JOSE_01@CORREO.CO', '7402020'),
(10508625, 359, 2, 'ANDRES ', 'MARIN RODRI CUENU', 'SECRETARIO', 'ANDRES_01@CORREO.CO', '7405026'),
(10568052, 359, 4, 'AGUSTIN JULIO', 'GOMEZ DIAZ', 'SECRETARIO', 'AGUSTIN_01@CORREO.CO', '31126836'),
(104968523, 359, 2, 'PEDRO ANTONIO', 'FORERO RODRIGUEZ', 'SECRETARIO', 'PEDRO_01@CORREO.CO', '7432896');

-- --------------------------------------------------------

--
-- Estructura de tabla para la tabla `grupos`
--

CREATE TABLE `grupos` (
  `ID_ASUNTO` int(11) NOT NULL,
  `ID_AREA` int(11) NOT NULL
) ENGINE=InnoDB DEFAULT CHARSET=latin1;

--
-- Volcado de datos para la tabla `grupos`
--

INSERT INTO `grupos` (`ID_ASUNTO`, `ID_AREA`) VALUES
(1, 1),
(2, 1),
(1, 2),
(2, 2),
(6, 2),
(7, 2),
(8, 2),
(9, 2),
(1, 5),
(3, 5),
(2, 6),
(5, 6),
(4, 9),
(5, 11),
(5, 13),
(1, 14),
(4, 15),
(5, 16),
(2, 18);

-- --------------------------------------------------------

--
-- Estructura de tabla para la tabla `intereses`
--

CREATE TABLE `intereses` (
  `ID_AREA` int(11) NOT NULL,
  `ID_DOCENTE` int(11) NOT NULL
) ENGINE=InnoDB DEFAULT CHARSET=latin1;

-- --------------------------------------------------------

--
-- Estructura de tabla para la tabla `lugares`
--

CREATE TABLE `lugares` (
  `ID_LUGAR` int(11) NOT NULL,
  `ID_UBICACION` int(11) DEFAULT NULL,
  `NOMBRE_LUGAR` varchar(40) NOT NULL,
  `TIPO_LUGAR` char(1) NOT NULL
) ENGINE=InnoDB DEFAULT CHARSET=latin1;

--
-- Volcado de datos para la tabla `lugares`
--

INSERT INTO `lugares` (`ID_LUGAR`, `ID_UBICACION`, `NOMBRE_LUGAR`, `TIPO_LUGAR`) VALUES
(1, NULL, 'AMAZONAS', 'D'),
(2, NULL, 'ANTIOQUIA', 'D'),
(3, NULL, 'ARAUCA', 'D'),
(4, NULL, 'ATLANTICO', 'D'),
(5, NULL, 'BOLIVAR', 'D'),
(6, NULL, 'BOYACA', 'D'),
(7, NULL, 'CALDAS', 'D'),
(8, NULL, 'CAQUETA', 'D'),
(9, NULL, 'CASANARE', 'D'),
(10, NULL, 'CAUCA', 'D'),
(11, NULL, 'CESAR', 'D'),
(12, NULL, 'CHOCO', 'D'),
(13, NULL, 'CORDOBA', 'D'),
(14, NULL, 'CUNDINAMARCA', 'D'),
(15, NULL, 'GUAINIA', 'D'),
(16, NULL, 'GUAJIRA', 'D'),
(17, NULL, 'GUAVIARE', 'D'),
(18, NULL, 'HUILA', 'D'),
(19, NULL, 'MAGDALENA', 'D'),
(20, NULL, 'META', 'D'),
(21, NULL, 'NARIÑO', 'D'),
(22, NULL, 'NORTE DE SANTANDER', 'D'),
(23, NULL, 'PUTUMAYO', 'D'),
(24, NULL, 'QUINDIO', 'D'),
(25, NULL, 'RISARALDA', 'D'),
(26, NULL, 'SAN ANDRES', 'D'),
(27, NULL, 'SANTANDER', 'D'),
(28, NULL, 'SUCRE', 'D'),
(29, NULL, 'TOLIMA', 'D'),
(30, NULL, 'VALLE DEL CAUCA', 'D'),
(31, NULL, 'VAUPES', 'D'),
(32, NULL, 'VICHADA', 'D'),
(33, 1, 'LETICIA', 'M'),
(34, 1, 'Puerto Nariño', 'M'),
(35, 1, 'El Encanto', 'M'),
(36, 1, 'La Chorrera', 'M'),
(37, 1, 'La Pedrera', 'M'),
(38, 1, 'La Victoria', 'M'),
(39, 1, 'Mirití Paraná', 'M'),
(40, 1, 'Puerto Alegría', 'M'),
(41, 1, 'Puerto Arica', 'M'),
(42, 1, 'Puerto Santander', 'M'),
(43, 1, 'Tarapacá', 'M'),
(44, 2, 'Aberrojal', 'M'),
(45, 2, 'Abriaquí', 'M'),
(46, 2, 'Alejandría', 'M'),
(47, 2, 'Amagá', 'M'),
(48, 2, 'Amalfi', 'M'),
(49, 2, 'Andes', 'M'),
(50, 2, 'Angelopolis', 'M'),
(51, 2, 'Angostura', 'M'),
(52, 2, 'Anorí', 'M'),
(53, 2, 'Anza', 'M'),
(54, 2, 'Apartadó', 'M'),
(55, 2, 'Arboletes', 'M'),
(56, 2, 'Argelia', 'M'),
(57, 2, 'Armenia', 'M'),
(58, 2, 'Barbosa', 'M'),
(59, 2, 'Bello', 'M'),
(60, 2, 'Belmira', 'M'),
(61, 2, 'Betania', 'M'),
(62, 2, 'Betulia', 'M'),
(63, 2, 'Briceño', 'M'),
(64, 2, 'Buritaca', 'M'),
(65, 2, 'Cáceres', 'M'),
(66, 2, 'Caicedo', 'M'),
(67, 2, 'Caldas', 'M'),
(68, 2, 'Campamento', 'M'),
(69, 2, 'Cañasgordas', 'M'),
(70, 2, 'Caracolí', 'M'),
(71, 2, 'Caramanta', 'M'),
(72, 2, 'Carepa', 'M'),
(73, 2, 'Carolina del Príncipe', 'M'),
(74, 2, 'Caucasia', 'M'),
(75, 2, 'Chigorodó', 'M'),
(76, 2, 'Cisneros', 'M'),
(77, 2, 'Ciudad Bolivar', 'M'),
(78, 2, 'Concepción', 'M'),
(79, 2, 'Concordia', 'M'),
(80, 2, 'Copacabana', 'M'),
(81, 2, 'Corcona', 'M'),
(82, 2, 'Dabeiba', 'M'),
(83, 2, 'Donmatías', 'M'),
(84, 2, 'Ebejico', 'M'),
(85, 2, 'El Bagre', 'M'),
(86, 2, 'El Carmen de Viboral', 'M'),
(87, 2, 'El Peñol', 'M'),
(88, 2, 'El Retiro', 'M'),
(89, 2, 'El Santuario', 'M'),
(90, 2, 'Entrerríos', 'M'),
(91, 2, 'Envigado', 'M'),
(92, 2, 'Fredonia', 'M'),
(93, 2, 'Frontino', 'M'),
(94, 2, 'Giraldo', 'M'),
(95, 2, 'Girardota', 'M'),
(96, 2, 'Gómez Plata', 'M'),
(97, 2, 'Granada', 'M'),
(98, 2, 'Guadalupe', 'M'),
(99, 2, 'Guarne', 'M'),
(100, 2, 'Guatapé', 'M'),
(101, 2, 'Heliconia', 'M'),
(102, 2, 'Hispania', 'M'),
(103, 2, 'Itagüí', 'M'),
(104, 2, 'Ituango', 'M'),
(105, 2, 'Jardín', 'M'),
(106, 2, 'Jericó', 'M'),
(107, 2, 'La Ceja', 'M'),
(108, 2, 'La Estrella', 'M'),
(109, 2, 'La Pintada', 'M'),
(110, 2, 'La Unión', 'M'),
(111, 2, 'Liborina', 'M'),
(112, 2, 'Maceo', 'M'),
(113, 2, 'Marinilla', 'M'),
(114, 2, 'Medellín', 'M'),
(115, 2, 'Montebello', 'M'),
(116, 2, 'Murindó', 'M'),
(117, 2, 'Mutatá', 'M'),
(118, 2, 'Nariño', 'M'),
(119, 2, 'Nechí', 'M'),
(120, 2, 'Necloclí', 'M'),
(121, 2, 'Olaya', 'M'),
(122, 2, 'Peque', 'M'),
(123, 2, 'Pueblorrico', 'M'),
(124, 2, 'Puerto Berrío', 'M'),
(125, 2, 'Puerto Nare', 'M'),
(126, 2, 'Puerto Triunfo', 'M'),
(127, 2, 'Remedios', 'M'),
(128, 2, 'Rionegro', 'M'),
(129, 2, 'Sabanalarga', 'M'),
(130, 2, 'Sabaneta', 'M'),
(131, 2, 'Salgar', 'M'),
(132, 2, 'San Andrés de Cuerquía', 'M'),
(133, 2, 'San Carlos', 'M'),
(134, 2, 'San Francisco', 'M'),
(135, 2, 'San Jerónimo', 'M'),
(136, 2, 'San José de la Montaña', 'M'),
(137, 2, 'San Juan de Urabá', 'M'),
(138, 2, 'San Luís', 'M'),
(139, 2, 'San Pedro de los Milagros', 'M'),
(140, 2, 'San Pedro de Urabá', 'M'),
(141, 2, 'San Rafael', 'M'),
(142, 2, 'San Roque', 'M'),
(143, 2, 'San Vicente', 'M'),
(144, 2, 'Sansón', 'M'),
(145, 2, 'Santa Bárbara', 'M'),
(146, 2, 'Santa Fe de Antioquia', 'M'),
(147, 2, 'Santa Rosa de los Osos', 'M'),
(148, 2, 'Santo Domingo', 'M'),
(149, 2, 'Segovia', 'M'),
(150, 2, 'Sopetrán', 'M'),
(151, 2, 'Támesis', 'M'),
(152, 2, 'Tarazá', 'M'),
(153, 2, 'Tarso', 'M'),
(154, 2, 'Titiribí', 'M'),
(155, 2, 'Toledo', 'M'),
(156, 2, 'Turbo', 'M'),
(157, 2, 'Uramita', 'M'),
(158, 2, 'Urruao', 'M'),
(159, 2, 'Valdivia', 'M'),
(160, 2, 'Valparariso', 'M'),
(161, 2, 'Vegachí', 'M'),
(162, 2, 'Venecia', 'M'),
(163, 2, 'Vigía del Fuerte', 'M'),
(164, 2, 'Yalí', 'M'),
(165, 2, 'Yolombó', 'M'),
(166, 2, 'Yondó', 'M'),
(167, 2, 'Yarumal', 'M'),
(168, 2, 'Zaragoza', 'M'),
(169, 3, 'ARAUCA', 'M'),
(170, 3, 'Arauquita', 'M'),
(171, 3, 'Cravo Norte', 'M'),
(172, 3, 'Fortul', 'M'),
(173, 3, 'Puerto Rondón', 'M'),
(174, 3, 'Saravena', 'M'),
(175, 3, 'Tame', 'M'),
(176, 4, 'Baranoa', 'M'),
(177, 4, 'Barranquilla', 'M'),
(178, 4, 'Campo de la Cruz', 'M'),
(179, 4, 'Candelaria', 'M'),
(180, 4, 'Galapa', 'M'),
(181, 4, 'juan de Acosta', 'M'),
(182, 4, 'Luruaco', 'M'),
(183, 4, 'Malambo', 'M'),
(184, 4, 'Manatí', 'M'),
(185, 4, 'Palmar de Varela', 'M'),
(186, 4, 'Piojó', 'M'),
(187, 4, 'Polonuevo', 'M'),
(188, 4, 'Ponedera', 'M'),
(189, 4, 'Puerto Colombia', 'M'),
(190, 4, 'Repelón', 'M'),
(191, 4, 'Sabanagrande', 'M'),
(192, 4, 'Sabanalarga', 'M'),
(193, 4, 'Santa Lucia', 'M'),
(194, 4, 'Santo Tomas', 'M'),
(195, 4, 'Soledad', 'M'),
(196, 4, 'Suán', 'M'),
(197, 4, 'Tubará', 'M'),
(198, 4, 'Usiacurí', 'M'),
(199, 5, 'chí', 'M'),
(200, 5, 'altos del Rosario', 'M'),
(201, 5, 'arenal', 'M'),
(202, 5, 'arjona', 'M'),
(203, 5, 'arroyohondo', 'M'),
(204, 5, 'arranco de Loba', 'M'),
(205, 5, 'razuelo de Papayal', 'M'),
(206, 5, 'alamar', 'M'),
(207, 5, 'antagallo', 'M'),
(208, 5, 'El Carmen de Bolívar', 'M'),
(209, 5, 'Cartagena de Indias', 'M'),
(210, 5, 'Cicuco', 'M'),
(211, 5, 'Clemencia', 'M'),
(212, 5, 'Córdoba', 'M'),
(213, 5, 'El Guamo', 'M'),
(214, 5, 'El Peñón', 'M'),
(215, 5, 'Hatillo de Loba', 'M'),
(216, 5, 'Magangué', 'M'),
(217, 5, 'Mahates', 'M'),
(218, 5, 'Margarita', 'M'),
(219, 5, 'Maria La Baja', 'M'),
(220, 5, 'Montecristo', 'M'),
(221, 5, 'Morales', 'M'),
(222, 5, 'Norosí', 'M'),
(223, 5, 'Pinillos', 'M'),
(224, 5, 'Regidor', 'M'),
(225, 5, 'Río Viejo', 'M'),
(226, 5, 'San Cristóbal', 'M'),
(227, 5, 'San Estanislao', 'M'),
(228, 5, 'San Fernando', 'M'),
(229, 5, 'San Jacinto', 'M'),
(230, 5, 'San Jacinto del Cauca', 'M'),
(231, 5, 'San Juan Nepomuceno', 'M'),
(232, 5, 'San Martín de Loba', 'M'),
(233, 5, 'San Pablo', 'M'),
(234, 5, 'Santa Catalina', 'M'),
(235, 5, 'Santa Cruz de Mompox', 'M'),
(236, 5, 'Santa Rosa', 'M'),
(237, 5, 'Santa Rosa del Sur', 'M'),
(238, 5, 'Simití', 'M'),
(239, 5, 'Soplaviento', 'M'),
(240, 5, 'Talaigua Nuevo', 'M'),
(241, 5, 'Tiquisio', 'M'),
(242, 5, 'Turbaco', 'M'),
(243, 5, 'Turbaná', 'M'),
(244, 5, 'Villanueva', 'M'),
(245, 5, 'Zambrano', 'M'),
(246, 6, 'Almeida', 'M'),
(247, 6, 'Aquitania', 'M'),
(248, 6, 'Arcabuco', 'M'),
(249, 6, 'Belén', 'M'),
(250, 6, 'Berbeo', 'M'),
(251, 6, 'Beteitiva', 'M'),
(252, 6, 'Boavita', 'M'),
(253, 6, 'Boyacá', 'M'),
(254, 6, 'Briceño', 'M'),
(255, 6, 'Buenavista', 'M'),
(256, 6, 'Busbanzá', 'M'),
(257, 6, 'Caldas', 'M'),
(258, 6, 'Campohermoso', 'M'),
(259, 6, 'Cerinza', 'M'),
(260, 6, 'Chinavita', 'M'),
(261, 6, 'Chiquinquirá', 'M'),
(262, 6, 'Chíquiza', 'M'),
(263, 6, 'Chiscas', 'M'),
(264, 6, 'Chita', 'M'),
(265, 6, 'Chitaraque', 'M'),
(266, 6, 'Chivatá', 'M'),
(267, 6, 'Chivor', 'M'),
(268, 6, 'Ciénaga', 'M'),
(269, 6, 'Cómbita', 'M'),
(270, 6, 'Coper', 'M'),
(271, 6, 'Corrales', 'M'),
(272, 6, 'Covarachía', 'M'),
(273, 6, 'Cubará', 'M'),
(274, 6, 'Cucaita', 'M'),
(275, 6, 'Cuítiva', 'M'),
(276, 6, 'Duitama', 'M'),
(277, 6, 'El Cocuy', 'M'),
(278, 6, 'El Espino', 'M'),
(279, 6, 'Firavitoba', 'M'),
(280, 6, 'Floresta', 'M'),
(281, 6, 'Gachantivá', 'M'),
(282, 6, 'Gámeza', 'M'),
(283, 6, 'Garagoa', 'M'),
(284, 6, 'Guacamayas', 'M'),
(285, 6, 'Guateque', 'M'),
(286, 6, 'Guayatá', 'M'),
(287, 6, 'Güiçán', 'M'),
(288, 6, 'Iza', 'M'),
(289, 6, 'Jenesano', 'M'),
(290, 6, 'Jericó', 'M'),
(291, 6, 'La Capilla', 'M'),
(292, 6, 'La Uvita', 'M'),
(293, 6, 'La Victoria', 'M'),
(294, 6, 'Labranzagrande', 'M'),
(295, 6, 'Macanal', 'M'),
(296, 6, 'Maripí', 'M'),
(297, 6, 'Miraflores', 'M'),
(298, 6, 'Mongua', 'M'),
(299, 6, 'Monguí', 'M'),
(300, 6, 'Moniquirá', 'M'),
(301, 6, 'Motavita', 'M'),
(302, 6, 'Muzo', 'M'),
(303, 6, 'Nobsa', 'M'),
(304, 6, 'Nuevo Colón', 'M'),
(305, 6, 'Oicatá', 'M'),
(306, 6, 'Otanche', 'M'),
(307, 6, 'Pachavita', 'M'),
(308, 6, 'Páez', 'M'),
(309, 6, 'Paipa', 'M'),
(310, 6, 'Pajarito', 'M'),
(311, 6, 'Panqueba', 'M'),
(312, 6, 'Paya', 'M'),
(313, 6, 'Pauna', 'M'),
(314, 6, 'Paz de Río', 'M'),
(315, 6, 'Pesca', 'M'),
(316, 6, 'Pisba', 'M'),
(317, 6, 'Puerto Boyacá', 'M'),
(318, 6, 'Quipama', 'M'),
(319, 6, 'Ramiriquí', 'M'),
(320, 6, 'Ráquira', 'M'),
(321, 6, 'Rondón', 'M'),
(322, 6, 'Saboyá', 'M'),
(323, 6, 'Sáchica', 'M'),
(324, 6, 'Samacá', 'M'),
(325, 6, 'San Eduardo', 'M'),
(326, 6, 'San José de Pare', 'M'),
(327, 6, 'San Luís de Gaceno', 'M'),
(328, 6, 'San Mateo', 'M'),
(329, 6, 'San Miguel de Sema', 'M'),
(330, 6, 'San pablo de Borbur', 'M'),
(331, 6, 'Santa María', 'M'),
(332, 6, 'Santa Rosa de Viterbo', 'M'),
(333, 6, 'Santa Sofía', 'M'),
(334, 6, 'Santana', 'M'),
(335, 6, 'Sativanorte', 'M'),
(336, 3, 'Sativasur', 'M'),
(337, 6, 'Siachoque', 'M'),
(338, 6, 'Soatá', 'M'),
(339, 6, 'Socha', 'M'),
(340, 6, 'Socotá', 'M'),
(341, 6, 'Sogamoso', 'M'),
(342, 6, 'Somondoco', 'M'),
(343, 6, 'Sora', 'M'),
(344, 6, 'Soracá', 'M'),
(345, 6, 'Sotaquirá', 'M'),
(346, 6, 'Susacón', 'M'),
(347, 6, 'Sutamarchán', 'M'),
(348, 6, 'Sutatenza', 'M'),
(349, 6, 'Tasco', 'M'),
(350, 6, 'Tenza', 'M'),
(351, 6, 'Tibaná', 'M'),
(352, 6, 'Tibasosa', 'M'),
(353, 6, 'Tinjacá', 'M'),
(354, 6, 'Tipacoque', 'M'),
(355, 6, 'Toca', 'M'),
(356, 6, 'Togüí', 'M'),
(357, 6, 'Tópaga', 'M'),
(358, 3, 'Tota', 'M'),
(359, 6, 'TUNJA', 'M'),
(360, 6, 'Pauna', 'M'),
(361, 6, 'Turmequé', 'M'),
(362, 6, 'Tuta', 'M'),
(363, 6, 'Tutazá', 'M'),
(364, 6, 'Úmbita', 'M'),
(365, 6, 'Ventaquemada', 'M'),
(366, 6, 'Villa de Leiva', 'M'),
(367, 6, 'Viracacha', 'M'),
(368, 6, 'Zetaquirá', 'M'),
(369, 7, 'Filadelfia', 'M'),
(370, 7, 'La Merced', 'M'),
(371, 7, 'Marmat', 'M'),
(372, 7, 'Riosuci', 'M'),
(373, 7, 'Supia', 'M'),
(374, 7, 'Manzanare', 'M'),
(375, 7, 'Marquetalí', 'M'),
(376, 7, 'Maruland', 'M'),
(377, 7, 'Pensilvania', 'M'),
(378, 7, 'Anserma', 'M'),
(379, 7, 'Belalcazar', 'M'),
(380, 7, 'Risaralda', 'M'),
(381, 7, 'San José', 'M'),
(382, 7, 'Viterbo', 'M'),
(383, 7, 'Chinchiná', 'M'),
(384, 7, 'Manizales', 'M'),
(385, 7, 'Neira', 'M'),
(386, 7, 'Palestina', 'M'),
(387, 7, 'Villamaría', 'M'),
(388, 7, 'La Dorada', 'M'),
(389, 7, 'Norcasia', 'M'),
(390, 7, 'Samaná', 'M'),
(391, 7, 'Victoria', 'M'),
(392, 7, 'Aguadas', 'M'),
(393, 7, 'Aranzazu', 'M'),
(394, 7, 'Pácora', 'M'),
(395, 7, 'alamina', 'M'),
(396, 8, 'Albania', 'M'),
(397, 8, 'Belén de los Andaquíes', 'M'),
(398, 8, 'Cartagena de Chairá', 'M'),
(399, 8, 'Curillo', 'M'),
(400, 8, 'El Doncello', 'M'),
(401, 8, 'El Paujil', 'M'),
(402, 8, 'FLORENCIA', 'M'),
(403, 8, 'La Montañita', 'M'),
(404, 8, 'Morelia', 'M'),
(405, 8, 'Puerto Milán', 'M'),
(406, 8, 'Puerto Rico', 'M'),
(407, 8, 'San José del Fragua', 'M'),
(408, 8, 'San Vicente del Caguan', 'M'),
(409, 8, 'Solano', 'M'),
(410, 8, 'Solita', 'M'),
(411, 8, 'Valparaiso', 'M'),
(412, 9, 'Aguazul', 'M'),
(413, 9, 'Chámeza', 'M'),
(414, 9, 'Hato Corozal', 'M'),
(415, 9, 'La Salina', 'M'),
(416, 9, 'Maní', 'M'),
(417, 9, 'Moterrey', 'M'),
(418, 9, 'Nuchía', 'M'),
(419, 9, 'Orocué', 'M'),
(420, 9, 'Paz de Ariporo', 'M'),
(421, 9, 'Pore', 'M'),
(422, 9, 'Recetor', 'M'),
(423, 9, 'Sabanalarga', 'M'),
(424, 9, 'Sácama', 'M'),
(425, 9, 'San Luís de Paleque', 'M'),
(426, 9, 'Támara', 'M'),
(427, 9, 'Tauramena', 'M'),
(428, 9, 'Trinidad', 'M'),
(429, 9, 'Villanueva', 'M'),
(430, 9, 'YOPAL', 'M'),
(431, 10, 'Almaguer', 'M'),
(432, 10, 'Argelia', 'M'),
(433, 10, 'Balboa', 'M'),
(434, 10, 'Bolivar', 'M'),
(435, 10, 'Buenos Aires', 'M'),
(436, 10, 'Cajibío', 'M'),
(437, 10, 'Caldono', 'M'),
(438, 10, 'Caloto', 'M'),
(439, 10, 'Corinto', 'M'),
(440, 10, 'El Tambo', 'M'),
(441, 10, 'Florencia', 'M'),
(442, 10, 'Guapi', 'M'),
(443, 10, 'Guayené', 'M'),
(444, 10, 'Inzá', 'M'),
(445, 10, 'Jambaló', 'M'),
(446, 10, 'La Sierra', 'M'),
(447, 10, 'La Vega', 'M'),
(448, 10, 'López', 'M'),
(449, 10, 'Mercaderes', 'M'),
(450, 10, 'Miranda', 'M'),
(451, 10, 'Morales', 'M'),
(452, 10, 'Padilla', 'M'),
(453, 10, 'Páez', 'M'),
(454, 10, 'Patía', 'M'),
(455, 10, 'Piamonte', 'M'),
(456, 10, 'Piendamó', 'M'),
(457, 10, 'POPAYÁN', 'M'),
(458, 10, 'Puerto Tejada', 'M'),
(459, 10, 'Puracé', 'M'),
(460, 10, 'Rosas', 'M'),
(461, 10, 'San Sebastían', 'M'),
(462, 10, 'Santa Rosa', 'M'),
(463, 10, 'Santander de Quilichao', 'M'),
(464, 10, 'Silvia', 'M'),
(465, 10, 'Sotará', 'M'),
(466, 10, 'Suárez', 'M'),
(467, 10, 'Sucre', 'M'),
(468, 10, 'Timbío', 'M'),
(469, 10, 'Timbiquí', 'M'),
(470, 10, 'Toribío', 'M'),
(471, 10, 'Totoró', 'M'),
(472, 10, 'Villa Rica', 'M'),
(473, 11, 'Aguachica', 'M'),
(474, 11, 'Agustín Codazzi', 'M'),
(475, 11, 'Astrea', 'M'),
(476, 11, 'Becerril', 'M'),
(477, 11, 'Bosconia', 'M'),
(478, 11, 'Chimichagua', 'M'),
(479, 11, 'Chiriguaná', 'M'),
(480, 11, 'Curumaní', 'M'),
(481, 11, 'El Copey', 'M'),
(482, 11, 'El Paso', 'M'),
(483, 11, 'Gamarra', 'M'),
(484, 11, 'Gozález', 'M'),
(485, 11, 'La Gloria', 'M'),
(486, 11, 'La Jagua de Ibirico', 'M'),
(487, 11, 'La Paz', 'M'),
(488, 11, 'Manure Balcón del Cesar', 'M'),
(489, 11, 'Pailitas', 'M'),
(490, 11, 'Pelaya', 'M'),
(491, 11, 'Pueblo Bello', 'M'),
(492, 11, 'Río de Oro', 'M'),
(493, 11, 'San Alberto', 'M'),
(494, 11, 'San Diego', 'M'),
(495, 11, 'San Martín', 'M'),
(496, 11, 'Tamalameque', 'M'),
(497, 11, 'VALLEDUPAR', 'M'),
(498, 12, 'Acandi', 'M'),
(499, 12, 'Alto Baudó', 'M'),
(500, 12, 'Atrato', 'M'),
(501, 12, 'Bagadó', 'M'),
(502, 12, 'Bahía Solano', 'M'),
(503, 12, 'Bajo Baudó', 'M'),
(504, 12, 'Bojajá', 'M'),
(505, 12, 'El Carmen de Atrato', 'M'),
(506, 12, 'El Carmen del Darién', 'M'),
(507, 12, 'Certegui', 'M'),
(508, 12, 'Condoto', 'M'),
(509, 12, 'El Cantón del San Pablo', 'M'),
(510, 12, 'El Litoral del San Juan', 'M'),
(511, 12, 'Istmina', 'M'),
(512, 12, 'Juradó', 'M'),
(513, 12, 'Lloró', 'M'),
(514, 12, 'Medio Atrato', 'M'),
(515, 12, 'Medio Baudó', 'M'),
(516, 12, 'Medio San Juan', 'M'),
(517, 12, 'Nóvita', 'M'),
(518, 12, 'Nuquí', 'M'),
(519, 12, 'QUIBDÓ', 'M'),
(520, 12, 'Río Iró', 'M'),
(521, 12, 'Río Quito', 'M'),
(522, 12, 'Riosucio', 'M'),
(523, 12, 'San José del Palmar', 'M'),
(524, 12, 'Sipí', 'M'),
(525, 12, 'Tadó', 'M'),
(526, 12, 'Unguía', 'M'),
(527, 12, 'Unión Panamericana', 'M'),
(528, 13, 'Ayapel', 'M'),
(529, 13, 'Buenavista', 'M'),
(530, 13, 'Canalete', 'M'),
(531, 13, 'Cereté', 'M'),
(532, 13, 'Chimá', 'M'),
(533, 13, 'Chinú', 'M'),
(534, 13, 'Cienaga de Oro', 'M'),
(535, 13, 'Cotorra', 'M'),
(536, 13, 'La Apartada', 'M'),
(537, 13, 'Lorica', 'M'),
(538, 13, 'Los Córdobas', 'M'),
(539, 13, 'Momil', 'M'),
(540, 13, 'Montelibano', 'M'),
(541, 13, 'MONTERIA', 'M'),
(542, 13, 'Moñitos', 'M'),
(543, 13, 'Planeta Rica', 'M'),
(544, 13, 'Pueblo Nuevo', 'M'),
(545, 13, 'Puerto Escondido', 'M'),
(546, 13, 'Puerto Libertador', 'M'),
(547, 13, 'Purísima', 'M'),
(548, 13, 'Sahagún', 'M'),
(549, 13, 'San Andrés de Sotavento', 'M'),
(550, 13, 'San Antero', 'M'),
(551, 13, 'San Bernardo', 'M'),
(552, 13, 'San Carlos', 'M'),
(553, 13, 'San José de Uré', 'M'),
(554, 13, 'San Pelayo', 'M'),
(555, 13, 'Tierralta', 'M'),
(556, 13, 'Tuchín', 'M'),
(557, 13, 'Valencia', 'M'),
(558, 14, 'AGUA DE DIOS', 'M'),
(559, 14, 'ALBAN ', 'M'),
(560, 14, 'ANAPOIMA ', 'M'),
(561, 14, 'ANOLAIMA ', 'M'),
(562, 14, 'ARBELAEZ', 'M'),
(563, 14, 'BELTRAN ', 'M'),
(564, 14, 'BITUIMA ', 'M'),
(565, 14, 'BOJACA', 'M'),
(566, 14, 'CABRERA', 'M'),
(567, 14, 'CACHIPAY ', 'M'),
(568, 14, 'CAJICA ', 'M'),
(569, 14, 'CAPARRAPI', 'M'),
(570, 14, 'CAQUEZA', 'M'),
(571, 14, 'CARMEN DE CARUPA ', 'M'),
(572, 14, 'CHAGUANI', 'M'),
(573, 14, 'CHIA ', 'M'),
(574, 14, 'CHIPAQUE', 'M'),
(575, 14, 'CHOACHI', 'M'),
(576, 14, 'CHOCONTA', 'M'),
(577, 14, 'COGUA', 'M'),
(578, 14, 'COTA', 'M'),
(579, 14, 'CUCUNUBA', 'M'),
(580, 14, 'EL COLEGIO', 'M'),
(581, 14, 'EL PENON', 'M'),
(582, 14, 'EL ROSAL', 'M'),
(583, 14, 'FACATATIVA', 'M'),
(584, 14, 'FOMEQUE', 'M'),
(585, 14, 'FOSCA', 'M'),
(586, 14, 'FUNZA', 'M'),
(587, 14, 'FUQUENE', 'M'),
(588, 14, 'FUSAGASUGA', 'M'),
(589, 14, 'GACHALA', 'M'),
(590, 14, 'GACHANCIPA', 'M'),
(591, 14, 'GACHETA', 'M'),
(592, 14, 'GAMA', 'M'),
(593, 14, 'GIRARDOT', 'M'),
(594, 14, 'GRANADA', 'M'),
(595, 14, 'GUACHETA', 'M'),
(596, 14, 'GUADUAS', 'M'),
(597, 14, 'GUASCA', 'M'),
(598, 14, 'GUATAQUI', 'M'),
(599, 14, 'GUATAVITA', 'M'),
(600, 14, 'GUAYABAL DE SIQUIMA', 'M'),
(601, 14, 'GUAYABETAL', 'M'),
(602, 14, 'GUTIERREZ', 'M'),
(603, 14, 'JERUSALEN', 'M'),
(604, 14, 'JUNIN', 'M'),
(605, 14, 'LA CALERA', 'M'),
(606, 14, 'LA MESA', 'M'),
(607, 14, 'LA PALMA', 'M'),
(608, 14, 'LA PENA', 'M'),
(609, 14, 'LA VEGA', 'M'),
(610, 14, 'LENGUAZAQUE', 'M'),
(611, 14, 'MACHETA', 'M'),
(612, 14, 'MADRID', 'M'),
(613, 14, 'MANTA', 'M'),
(614, 14, 'MEDINA', 'M'),
(615, 14, 'MOSQUERA', 'M'),
(616, 14, 'NARINO', 'M'),
(617, 14, 'NEMOCON', 'M'),
(618, 14, 'NILO', 'M'),
(619, 14, 'NIMAIMA', 'M'),
(620, 14, 'NOCAIMA', 'M'),
(621, 14, 'VENECIA', 'M'),
(622, 14, 'PACHO', 'M'),
(623, 14, 'PAIME', 'M'),
(624, 14, 'PANDI', 'M'),
(625, 14, 'PARATEBUENO', 'M'),
(626, 14, 'PASCA', 'M'),
(627, 14, 'PUERTO SALGAR', 'M'),
(628, 14, 'PULI', 'M'),
(629, 14, 'QUEBRADANEGRA', 'M'),
(630, 14, 'QUETAME', 'M'),
(631, 14, 'QUIPILE 528', 'M'),
(632, 14, 'APULO', 'M'),
(633, 14, 'RICAURTE', 'M'),
(634, 14, 'SAN ANTONIO DE TEQUENDAMA', 'M'),
(635, 14, 'SAN BERNARDO', 'M'),
(636, 14, 'SAN CAYETANO', 'M'),
(637, 14, 'SAN FRANCISCO', 'M'),
(638, 14, 'SAN JUAN DE RIOSECO', 'M'),
(639, 14, 'SASAIMA', 'M'),
(640, 14, 'SESQUILE', 'M'),
(641, 14, 'SIBATE', 'M'),
(642, 14, 'SILVANIA', 'M'),
(643, 14, 'SIMIJACA', 'M'),
(644, 14, 'SOACHA', 'M'),
(645, 14, 'SOPO', 'M'),
(646, 14, 'SUBACHOQUE', 'M'),
(647, 14, 'SUESCA', 'M'),
(648, 14, 'SUPATA', 'M'),
(649, 14, 'SUSA', 'M'),
(650, 14, 'SUTATAUSA', 'M'),
(651, 14, 'TABIO', 'M'),
(652, 14, 'TAUSA', 'M'),
(653, 14, 'TENA', 'M'),
(654, 14, 'TENJO', 'M'),
(655, 14, 'TIBACUY', 'M'),
(656, 14, 'TIBIRITA', 'M'),
(657, 14, 'TOCAIMA', 'M'),
(658, 14, 'TOCANCIPA', 'M'),
(659, 14, 'TOPAIPI', 'M'),
(660, 14, 'UBALA', 'M'),
(661, 14, 'UBAQUE', 'M'),
(662, 14, 'UBATE', 'M'),
(663, 14, 'UNE', 'M'),
(664, 14, 'UTICA', 'M'),
(665, 14, 'VERGARA', 'M'),
(666, 14, 'VIANI', 'M'),
(667, 14, 'VILLAGOMEZ', 'M'),
(668, 14, 'VILLAPINZON', 'M'),
(669, 14, 'VILLETA', 'M'),
(670, 14, 'VIOTA', 'M'),
(671, 14, 'YACOPI', 'M'),
(672, 14, 'ZIPACON ', 'M'),
(673, 14, 'ZIPAQUIRA', 'M'),
(674, 15, 'INIRIDA', 'M'),
(675, 15, 'BARRANCO MINA', 'M'),
(676, 15, 'MAPIRIPANA', 'M'),
(677, 15, 'SAN FELIPE', 'M'),
(678, 15, 'PUERTO COLOMBIA', 'M'),
(679, 15, 'LA GUADALUPE', 'M'),
(680, 15, 'CACAHUAL', 'M'),
(681, 15, 'PANA-PANA', 'M'),
(682, 15, 'MORICHAL', 'M'),
(683, 16, 'RIOHACHA', 'M'),
(684, 16, 'ALBANIA', 'M'),
(685, 16, 'BARRANCAS', 'M'),
(686, 16, 'DIBULLA', 'M'),
(687, 16, 'DISTRACCION', 'M'),
(688, 16, 'EL MOLINO', 'M'),
(689, 16, 'FONSECA', 'M'),
(690, 16, 'HATO NUEVO', 'M'),
(691, 16, 'LA JAGUA DEL PILAR', 'M'),
(692, 16, 'MAICAO', 'M'),
(693, 16, 'MANAURE', 'M'),
(694, 16, 'SAN JUAN DEL CESAR', 'M'),
(695, 16, 'URIBIA', 'M'),
(696, 16, 'URUMITA', 'M'),
(697, 16, 'VILLANUEVA', 'M'),
(698, 17, 'SAN JOSE DEL GUAVIARE', 'M'),
(699, 17, 'CALAMAR', 'M'),
(700, 17, 'EL RETORNO', 'M'),
(701, 17, 'MIRAFLORES', 'M'),
(702, 18, 'NEIVA ', 'M'),
(703, 18, 'ACEVEDO ', 'M'),
(704, 18, 'AGRADO ', 'M'),
(705, 18, 'AIPE ', 'M'),
(706, 18, 'ALGECIRAS', 'M'),
(707, 18, 'ALTAMIRA', 'M'),
(708, 18, 'BARAYA', 'M'),
(709, 18, 'CAMPOALEGRE', 'M'),
(710, 18, 'COLOMBIA', 'M'),
(711, 18, 'ELIAS', 'M'),
(712, 18, 'GARZON', 'M'),
(713, 18, 'GIGANTE', 'M'),
(714, 18, 'GUADALUPE', 'M'),
(715, 18, 'HOBO', 'M'),
(716, 18, 'IQUIRA', 'M'),
(717, 18, 'ISNOS', 'M'),
(718, 18, 'LA ARGENTINA', 'M'),
(719, 18, 'LA PLATA', 'M'),
(720, 18, 'NATAGA', 'M'),
(721, 18, 'OPORAPA', 'M'),
(722, 18, 'PAICOL', 'M'),
(723, 18, 'PALERMO', 'M'),
(724, 18, 'PALESTINA', 'M'),
(725, 18, 'PITAL', 'M'),
(726, 18, 'PITALITO', 'M'),
(727, 18, 'RIVERA', 'M'),
(728, 18, 'SALADOBLANCO', 'M'),
(729, 18, 'SAN AGUSTIN', 'M'),
(730, 18, 'SANTA MARIA', 'M'),
(731, 18, 'SUAZA', 'M'),
(732, 18, 'TARQUI', 'M'),
(733, 18, 'TESALIA', 'M'),
(734, 18, 'TELLO', 'M'),
(735, 18, 'TERUEL', 'M'),
(736, 18, 'TIMANA', 'M'),
(737, 18, 'VILLAVIEJA', 'M'),
(738, 18, 'YAGUARA', 'M'),
(739, 19, 'Algarrobo', 'M'),
(740, 19, 'Aracata', 'M'),
(741, 19, 'Ariguaní', 'M'),
(742, 19, 'Cerro de San Antonio', 'M'),
(743, 19, 'Chivolo', 'M'),
(744, 19, 'Ciénaga', 'M'),
(745, 19, 'Concordia', 'M'),
(746, 19, 'El Banco', 'M'),
(747, 19, 'El Piñon', 'M'),
(748, 19, 'El Reten', 'M'),
(749, 19, 'Fundación', 'M'),
(750, 19, 'Guamal', 'M'),
(751, 19, 'Nueva Granada', 'M'),
(752, 19, 'Pedraza', 'M'),
(753, 19, 'Pijimo del Carmen', 'M'),
(754, 19, 'Pivijay', 'M'),
(755, 19, 'Plato', 'M'),
(756, 19, 'Pueblonuevo', 'M'),
(757, 19, 'Remolino', 'M'),
(758, 19, 'Sabanas de San Ángel', 'M'),
(759, 19, 'Salamina', 'M'),
(760, 19, 'San Sebastiçan de Buenavista', 'M'),
(761, 19, 'San Zenón', 'M'),
(762, 19, 'Santa Ana', 'M'),
(763, 19, 'Santa Bárbara de Pinto', 'M'),
(764, 19, 'SANTA MARTA', 'M'),
(765, 19, 'Sitio Nuevo', 'M'),
(766, 19, 'Tenerife', 'M'),
(767, 19, 'Zapayán', 'M'),
(768, 19, 'Zona Bananera', 'M'),
(769, 20, 'ACACIAS ', 'M'),
(770, 20, 'BARRANCA DE UPIA', 'M'),
(771, 20, 'CABUYARO', 'M'),
(772, 20, 'CASTILLA LA NUEVA', 'M'),
(773, 20, 'CUBARRAL', 'M'),
(774, 20, 'CUMARAL', 'M'),
(775, 20, 'EL CALVARIO', 'M'),
(776, 20, 'EL CASTILLO', 'M'),
(777, 20, 'EL DORADO', 'M'),
(778, 20, 'FUENTE DE ORO', 'M'),
(779, 20, 'GRANADA', 'M'),
(780, 20, 'GUAMAL', 'M'),
(781, 20, 'MAPIRIPAN', 'M'),
(782, 20, 'MESETAS', 'M'),
(783, 20, 'LA MACARENA', 'M'),
(784, 20, 'URIBE', 'M'),
(785, 20, 'LEJANIAS', 'M'),
(786, 20, 'PUERTO CONCORDIA', 'M'),
(787, 20, 'PUERTO GAITAN', 'M'),
(788, 20, 'PUERTO LOPEZ', 'M'),
(789, 20, 'PUERTO LLERAS', 'M'),
(790, 20, 'PUERTO RICO', 'M'),
(791, 20, 'RESTREPO', 'M'),
(792, 20, 'SAN CARLOS DE GUAROA', 'M'),
(793, 20, 'SAN JUAN DE ARAMA', 'M'),
(794, 20, 'SAN JUANITO', 'M'),
(795, 20, 'SAN MARTIN', 'M'),
(796, 20, 'VISTAHERMOSA', 'M'),
(797, 20, 'VILLAVICENCIO', 'M'),
(798, 21, 'PASTO', 'M'),
(799, 21, 'ALBAN (San José)', 'M'),
(800, 21, 'ALDANA', 'M'),
(801, 21, 'ANCUYA', 'M'),
(802, 21, 'ARBOLEDA (Berruecos)', 'M'),
(803, 21, 'BARBACOAS', 'M'),
(804, 21, 'BELEN', 'M'),
(805, 21, 'BUESACO', 'M'),
(806, 21, 'COLON (GEnova)', 'M'),
(807, 21, 'CONSACA', 'M'),
(808, 21, 'CONTADERO', 'M'),
(809, 21, 'CORDOBA', 'M'),
(810, 21, 'CUASPUD (Carlosama)', 'M'),
(811, 21, 'CUMBAL', 'M'),
(812, 21, 'CUMBITARA', 'M'),
(813, 21, 'CHACHAGUI', 'M'),
(814, 21, 'EL CHARCO', 'M'),
(815, 21, 'EL PENOL', 'M'),
(816, 21, 'EL ROSARIO', 'M'),
(817, 21, 'EL TABLON', 'M'),
(818, 21, 'EL TAMBO', 'M'),
(819, 21, 'FUNES', 'M'),
(820, 21, 'GUACHUCAL', 'M'),
(821, 21, 'GUAITARILLA', 'M'),
(822, 21, 'GUALMATAN', 'M'),
(823, 21, 'ILES', 'M'),
(824, 21, 'IMUES', 'M'),
(825, 21, 'IPIALES', 'M'),
(826, 21, 'LA CRUZ', 'M'),
(827, 21, 'LA FLORIDA', 'M'),
(828, 21, 'LA LLANADA', 'M'),
(829, 21, 'LA TOLA', 'M'),
(830, 21, 'LA UNION', 'M'),
(831, 21, 'LEIVA', 'M'),
(832, 21, 'LINARES', 'M'),
(833, 21, 'LOS ANDES (Sotomayor)', 'M'),
(834, 21, 'MAGÜI (Payán)', 'M'),
(835, 21, 'MALLAMA (Piedrancha)', 'M'),
(836, 21, 'MOSQUERA', 'M'),
(837, 21, 'NARINO', 'M'),
(838, 21, 'OLAYA HERRERA (Bocas de Satinga)', 'M'),
(839, 21, 'OSPINA', 'M'),
(840, 21, 'FRANCISCO PIZARRO (Salahonda)', 'M'),
(841, 21, 'POLICARPA', 'M'),
(842, 21, 'POTOSI', 'M'),
(843, 21, 'PROVIDENCIA', 'M'),
(844, 21, 'PUERRES', 'M'),
(845, 21, 'PUPIALES', 'M'),
(846, 21, 'RICAURTE', 'M'),
(847, 21, 'ROBERTO PAYAN (San José)', 'M'),
(848, 21, 'SAMANIEGO', 'M'),
(849, 21, 'SANDONA', 'M'),
(850, 21, 'SAN BERNARDO', 'M'),
(851, 21, 'SAN LORENZO', 'M'),
(852, 21, 'SAN PABLO', 'M'),
(853, 21, 'SAN PEDRO DE CARTAGO (Cartago)', 'M'),
(854, 21, 'SANTA BARBARA (Iscuandé)', 'M'),
(855, 21, 'SANTA CRUZ (Guachavés)', 'M'),
(856, 21, 'SAPUYES', 'M'),
(857, 21, 'TAMINANGO', 'M'),
(858, 21, 'TANGUA', 'M'),
(859, 21, 'TUMACO', 'M'),
(860, 21, 'TUQUERRES', 'M'),
(861, 21, 'YACUANQUER', 'M'),
(862, 22, 'CUCUTA', 'M'),
(863, 22, 'ABREGO', 'M'),
(864, 22, 'ARBOLEDAS', 'M'),
(865, 22, 'BOCHALEMA', 'M'),
(866, 22, 'BUCARASICA', 'M'),
(867, 22, 'CACOTA', 'M'),
(868, 22, 'CACHIRA', 'M'),
(869, 22, 'CHINACOTA', 'M'),
(870, 22, 'CHITAGA', 'M'),
(871, 22, 'CONVENCION', 'M'),
(872, 22, 'CUCUTILLA', 'M'),
(873, 22, 'DURANIA', 'M'),
(874, 22, 'EL CARMEN', 'M'),
(875, 22, 'EL TARRA', 'M'),
(876, 22, 'EL ZULIA', 'M'),
(877, 22, 'GRAMALOTE', 'M'),
(878, 22, 'HACARI', 'M'),
(879, 22, 'HERRAN', 'M'),
(880, 22, 'LABATECA', 'M'),
(881, 22, 'LA ESPERANZA', 'M'),
(882, 22, 'LA PLAYA', 'M'),
(883, 22, 'LOS PATIOS', 'M'),
(884, 22, 'LOURDES', 'M'),
(885, 22, 'MUTISCUA', 'M'),
(886, 22, 'OCANA', 'M'),
(887, 22, 'PAMPLONA', 'M'),
(888, 22, 'PAMPLONITA', 'M'),
(889, 22, 'PUERTO SANTANDER', 'M'),
(890, 22, 'RAGONVALIA', 'M'),
(891, 22, 'SALAZAR', 'M'),
(892, 22, 'SAN CALIXTO', 'M'),
(893, 22, 'SAN CAYETANO', 'M'),
(894, 22, 'SANTIAGO', 'M'),
(895, 22, 'SARDINATA', 'M'),
(896, 22, 'SILOS', 'M'),
(897, 22, 'TEORAMA', 'M'),
(898, 22, 'TIBU', 'M'),
(899, 22, 'TOLEDO', 'M'),
(900, 22, 'VILLA CARO', 'M'),
(901, 22, 'VILLA DEL ROSARIO', 'M'),
(902, 23, 'MOCOA', 'M'),
(903, 23, 'COLON', 'M'),
(904, 23, 'ORITO', 'M'),
(905, 23, 'PUERTO ASIS', 'M'),
(906, 23, 'PUERTO CAICEDO', 'M'),
(907, 23, 'PUERTO GUZMAN', 'M'),
(908, 23, 'PUERTO LEGUIZAMO', 'M'),
(909, 23, 'SIBUNDOY', 'M'),
(910, 23, 'SAN FRANCISCO', 'M'),
(911, 23, 'SAN MIGUEL (La Dorada)', 'M'),
(912, 23, 'SANTIAGO', 'M'),
(913, 23, 'VALLE DEL GUAMUEZ (La Hormiga)', 'M'),
(914, 23, 'VILLAGARZON', 'M'),
(915, 24, 'ARMENIA', 'M'),
(916, 24, 'BUENAVISTA', 'M'),
(917, 24, 'CALARCA', 'M'),
(918, 24, 'CIRCASIA', 'M'),
(919, 24, 'CORDOBA', 'M'),
(920, 24, 'FILANDIA', 'M'),
(921, 24, 'GENOVA', 'M'),
(922, 24, 'LA TEBAIDA', 'M'),
(923, 24, 'MONTENEGRO', 'M'),
(924, 24, 'PIJAO', 'M'),
(925, 24, 'QUIMBAYA', 'M'),
(926, 24, 'SALENTO', 'M'),
(927, 25, 'PEREIRA', 'M'),
(928, 25, 'APIA', 'M'),
(929, 25, 'BALBOA', 'M'),
(930, 25, 'BELEN DE UMBRIA', 'M'),
(931, 25, 'DOSQUEBRADAS', 'M'),
(932, 25, 'GUATICA', 'M'),
(933, 25, 'LA CELIA', 'M'),
(934, 25, 'LA VIRGINIA', 'M'),
(935, 25, 'MARSELLA', 'M'),
(936, 25, 'MISTRATO', 'M'),
(937, 25, 'PUEBLO RICO', 'M'),
(938, 25, 'QUINCHIA', 'M'),
(939, 25, 'SANTA ROSA DE CABAL', 'M'),
(940, 25, 'SANTUARIO', 'M'),
(941, 26, 'SAN ANDRES', 'M'),
(942, 26, 'PROVIDENCIA Y SANTA CATALINA', 'M'),
(943, 27, 'Aguada', 'M'),
(944, 27, 'Albania', 'M'),
(945, 27, 'Aratoca', 'M'),
(946, 27, 'Barbosa', 'M'),
(947, 27, 'Barichaca', 'M'),
(948, 27, 'Barrancabermeja', 'M'),
(949, 27, 'Betulia', 'M'),
(950, 27, 'Bolivar', 'M'),
(951, 27, 'BUCARAMANGA', 'M'),
(952, 27, 'Cabrera', 'M'),
(953, 27, 'California', 'M'),
(954, 27, 'Capitanejo', 'M'),
(955, 27, 'Carcasí', 'M'),
(956, 27, 'Cepitá', 'M'),
(957, 27, 'Cepitá', 'M'),
(958, 27, 'Cerrito', 'M'),
(959, 27, 'Charalá', 'M'),
(960, 27, 'Charta', 'M'),
(961, 27, 'Chima', 'M'),
(962, 27, 'Chipatá', 'M'),
(963, 27, 'Cimitarra', 'M'),
(964, 27, 'Concepción', 'M'),
(965, 27, 'Confines', 'M'),
(966, 27, 'Contratación', 'M'),
(967, 27, 'Coromoro', 'M'),
(968, 27, 'Curití', 'M'),
(969, 27, 'El Carmen', 'M'),
(970, 27, 'El Guacamayo', 'M'),
(971, 27, 'El Peñón', 'M'),
(972, 27, 'El Playón', 'M'),
(973, 27, 'Encino', 'M'),
(974, 27, 'Encio', 'M'),
(975, 27, 'Florián', 'M'),
(976, 27, 'Floridablanca', 'M'),
(977, 27, 'Galán', 'M'),
(978, 27, 'Gámbita', 'M'),
(979, 27, 'Girón', 'M'),
(980, 27, 'Guaca', 'M'),
(981, 27, 'Guapotá', 'M'),
(982, 27, 'Guavatá', 'M'),
(983, 27, 'Güepsa', 'M'),
(984, 27, 'Hato', 'M'),
(985, 27, 'Jesús María', 'M'),
(986, 27, 'Jordán', 'M'),
(987, 27, 'Jordán', 'M'),
(988, 27, 'La Belleza', 'M'),
(989, 27, 'La Paz', 'M'),
(990, 27, 'Ladázuri', 'M'),
(991, 27, 'Lebrija', 'M'),
(992, 27, 'Los Santos', 'M'),
(993, 27, 'Macaravita', 'M'),
(994, 27, 'Málaga', 'M'),
(995, 27, 'Matanza', 'M'),
(996, 27, 'Mogotes', 'M'),
(997, 27, 'Molagavita', 'M'),
(998, 27, 'Mutiscua', 'M'),
(999, 27, 'Ocamonte', 'M'),
(1000, 27, 'Oiba', 'M'),
(1001, 27, 'Onzaga', 'M'),
(1002, 27, 'Palmar', 'M'),
(1003, 27, 'Palmas de Socorro', 'M'),
(1004, 27, 'Páramo', 'M'),
(1005, 27, 'Piedecuesta', 'M'),
(1006, 27, 'Pinchote', 'M'),
(1007, 27, 'Puente Nacional', 'M'),
(1008, 27, 'Puerto Parra', 'M'),
(1009, 27, 'Rionegro', 'M'),
(1010, 27, 'Sabana de Torres', 'M'),
(1011, 27, 'Sabana de Torres', 'M'),
(1012, 27, 'San Andrés', 'M'),
(1013, 27, 'San Benito', 'M'),
(1014, 27, 'San Gil', 'M'),
(1015, 27, 'San Joaquín', 'M'),
(1016, 27, 'San José de Miranda', 'M'),
(1017, 27, 'San Miguel', 'M'),
(1018, 27, 'San Vicente de Chucurí', 'M'),
(1019, 27, 'San Vicente de Chucurí', 'M'),
(1020, 27, 'Santa Bárbara', 'M'),
(1021, 27, 'Santa Helena del Opón', 'M'),
(1022, 27, 'Simacota', 'M'),
(1023, 27, 'Socorro', 'M'),
(1024, 27, 'Suaita', 'M'),
(1025, 27, 'Sucre', 'M'),
(1026, 27, 'Suratá', 'M'),
(1027, 27, 'Tona', 'M'),
(1028, 27, 'Valle de San José', 'M'),
(1029, 27, 'Vélez', 'M'),
(1030, 27, 'Villanueva', 'M'),
(1031, 27, 'Zapatoca', 'M'),
(1032, 28, 'SINCELEJO', 'M'),
(1033, 28, 'BUENAVISTA', 'M'),
(1034, 28, 'CAIMITO', 'M'),
(1035, 28, 'COLOSO', 'M'),
(1036, 28, 'COROZAL', 'M'),
(1037, 28, 'COVENAS', 'M'),
(1038, 28, 'CHALAN', 'M'),
(1039, 28, 'EL ROBLE', 'M'),
(1040, 28, 'GALERAS', 'M'),
(1041, 28, 'GUARANDA', 'M'),
(1042, 28, 'LA UNION', 'M'),
(1043, 28, 'LOS PALMITOS', 'M'),
(1044, 28, 'MAJAGUAL', 'M'),
(1045, 28, 'MORROA', 'M'),
(1046, 28, 'OVEJAS', 'M'),
(1047, 28, 'PALMITO', 'M'),
(1048, 28, 'SAMPUES', 'M'),
(1049, 28, 'SAN BENITO ABAD', 'M'),
(1050, 28, 'SAN JUAN DE BETULIA (Betulia)', 'M'),
(1051, 28, 'SAN MARCOS', 'M'),
(1052, 28, 'SAN ONOFRE', 'M'),
(1053, 28, 'SAN PEDRO', 'M'),
(1054, 28, 'SINCE', 'M'),
(1055, 28, 'SUCRE', 'M'),
(1056, 28, 'TOLU', 'M'),
(1057, 28, 'TOLUVIEJO', 'M'),
(1058, 29, 'IBAGUE', 'M'),
(1059, 29, 'ALPUJARRA', 'M'),
(1060, 29, 'ALVARADO', 'M'),
(1061, 29, 'AMBALEMA', 'M'),
(1062, 29, 'ANZOATEGUI', 'M'),
(1063, 29, 'ARMERO (Guayabal)', 'M'),
(1064, 29, 'ATACO', 'M'),
(1065, 29, 'CAJAMARCA', 'M'),
(1066, 29, 'CARMEN DE APICALA', 'M'),
(1067, 29, 'CASABIANCA', 'M'),
(1068, 29, 'CHAPARRAL', 'M'),
(1069, 29, 'COELLO', 'M'),
(1070, 29, 'COYAIMA', 'M'),
(1071, 29, 'CUNDAY', 'M'),
(1072, 29, 'DOLORES', 'M'),
(1073, 29, 'ESPINAL', 'M'),
(1074, 29, 'FALAN', 'M'),
(1075, 29, 'FLANDES', 'M'),
(1076, 29, 'FRESNO', 'M'),
(1077, 29, 'GUAMO', 'M'),
(1078, 29, 'HERVEO', 'M'),
(1079, 29, 'HONDA', 'M'),
(1080, 29, 'ICONONZO', 'M'),
(1081, 29, 'LERIDA', 'M'),
(1082, 29, 'LIBANO', 'M'),
(1083, 29, 'MARIQUITA', 'M'),
(1084, 29, 'MELGAR', 'M'),
(1085, 29, 'MURILLO', 'M'),
(1086, 29, 'NATAGAIMA', 'M'),
(1087, 29, 'ORTEGA', 'M'),
(1088, 29, 'PALOCABILDO', 'M'),
(1089, 29, 'PIEDRAS', 'M'),
(1090, 29, 'PLANADAS', 'M'),
(1091, 29, 'PRADO', 'M'),
(1092, 29, 'PURIFICACION', 'M'),
(1093, 29, 'RIOBLANCO', 'M'),
(1094, 29, 'RONCESVALLES', 'M'),
(1095, 29, 'ROVIRA', 'M'),
(1096, 29, 'SALDANA', 'M'),
(1097, 29, 'SAN ANTONIO', 'M'),
(1098, 29, 'SAN LUIS', 'M'),
(1099, 29, 'SANTA ISABEL', 'M'),
(1100, 29, 'SUAREZ', 'M'),
(1101, 29, 'VALLE DE SAN JUAN', 'M'),
(1102, 29, 'VENADILLO', 'M'),
(1103, 29, 'VILLAHERMOSA ', 'M'),
(1104, 29, 'VILLARRICA', 'M'),
(1105, 30, 'Alcalá', 'M'),
(1106, 30, 'Ansermanuevo', 'M'),
(1107, 30, 'Argelia', 'M'),
(1108, 30, 'Bolívar', 'M'),
(1109, 30, 'Cartago', 'M'),
(1110, 30, 'El Águila', 'M'),
(1111, 30, 'El Cairo', 'M'),
(1112, 30, 'El Dovio', 'M'),
(1113, 30, 'La Unión', 'M'),
(1114, 30, 'La Victoria', 'M'),
(1115, 30, 'Obando', 'M'),
(1116, 30, 'Roldanillo', 'M'),
(1117, 30, 'Toro', 'M'),
(1118, 30, 'Ulloa', 'M'),
(1119, 30, 'Versalles', 'M'),
(1120, 30, 'Zarzal', 'M'),
(1121, 30, 'Andalucía', 'M'),
(1122, 30, 'Buga', 'M'),
(1123, 30, 'Bugalagrande', 'M'),
(1124, 30, 'Darién', 'M'),
(1125, 30, 'El Cerrito', 'M'),
(1126, 30, 'Ginebra', 'M'),
(1127, 30, 'Guacarí', 'M'),
(1128, 30, 'Restrepo', 'M'),
(1129, 30, 'Riofrío', 'M'),
(1130, 30, 'San Pedro', 'M'),
(1131, 30, 'Trujillo', 'M'),
(1132, 30, 'Tuluá', 'M'),
(1133, 30, 'Yotoco', 'M'),
(1134, 30, 'Candelaria', 'M'),
(1135, 30, 'CALI', 'M'),
(1136, 30, 'Dagua', 'M'),
(1137, 30, 'Florida', 'M'),
(1138, 30, 'Jamundí', 'M'),
(1139, 30, 'La Cumbre', 'M'),
(1140, 30, 'Palmira', 'M'),
(1141, 30, 'Pradera', 'M'),
(1142, 30, 'Yumbo', 'M'),
(1143, 30, 'Vijes', 'M'),
(1144, 30, 'Caicedonia', 'M'),
(1145, 30, 'Sevilla', 'M'),
(1146, 30, 'Buenaventura', 'M'),
(1147, 31, 'Mitú', 'M'),
(1148, 31, 'Carurú', 'M'),
(1149, 31, 'Taraira', 'M'),
(1150, 31, 'Papunaua', 'M'),
(1151, 31, 'Pacoa', 'M'),
(1152, 31, 'Yavarete', 'M'),
(1153, 32, 'PUERTO CARRENO', 'M'),
(1154, 32, 'LA PRIMAVERA', 'M'),
(1155, 32, 'SANTA ROSALIA', 'M'),
(1156, 32, 'CUMARIBO', 'M');

-- --------------------------------------------------------

--
-- Estructura de tabla para la tabla `publicaciones`
--

CREATE TABLE `publicaciones` (
  `ID_ASUNTO` int(11) NOT NULL,
  `ID_FUNCIONARIO` int(11) NOT NULL,
  `FECHA_PUBLICACION` date NOT NULL,
  `OBSERVACION_PUBLICACION` varchar(300) DEFAULT NULL
) ENGINE=InnoDB DEFAULT CHARSET=latin1;

--
-- Volcado de datos para la tabla `publicaciones`
--

INSERT INTO `publicaciones` (`ID_ASUNTO`, `ID_FUNCIONARIO`, `FECHA_PUBLICACION`, `OBSERVACION_PUBLICACION`) VALUES
(1, 10508625, '2016-04-06', 'Que residan en el Aburra Sur Envigado, Itagui, Sabaneta o Caldas, que manejen word o excell, que tengan disponibilidad de lunes a viernes de 900 am a 100 pm y de 200 a 400pm y los sabados'),
(2, 104968523, '2016-04-26', 'trabajar tiempo completo en el barrio muiscas tunja. el mejor ambiente laboral, debes ser pro-activa y generadora de alegría'),
(3, 104968523, '2016-04-11', 'trabajos 1'),
(4, 10568052, '2016-04-03', 'trabajar 2'),
(5, 104968523, '2016-04-05', 'trabajos 3'),
(6, 10568052, '2016-04-03', 'trabajar 4'),
(7, 104968523, '2016-04-05', 'evento 3'),
(8, 10568052, '2016-04-03', 'evento 4'),
(9, 104968523, '2016-04-05', 'evento 3');

--
-- Índices para tablas volcadas
--

--
-- Indices de la tabla `areas`
--
ALTER TABLE `areas`
  ADD PRIMARY KEY (`ID_AREA`);

--
-- Indices de la tabla `asuntos`
--
ALTER TABLE `asuntos`
  ADD PRIMARY KEY (`ID_ASUNTO`),
  ADD KEY `ASU_FK_IDLU` (`ID_LUGAR`);

--
-- Indices de la tabla `docentes`
--
ALTER TABLE `docentes`
  ADD PRIMARY KEY (`ID_DOCENTE`),
  ADD KEY `DOC_FK_IDLU` (`ID_LUGAR`);

--
-- Indices de la tabla `establecimientos`
--
ALTER TABLE `establecimientos`
  ADD PRIMARY KEY (`ID_ESTABLECIMIENTO`);

--
-- Indices de la tabla `funcionarios`
--
ALTER TABLE `funcionarios`
  ADD PRIMARY KEY (`ID_FUNCIONARIO`),
  ADD KEY `FUN_FK_IDLU` (`ID_LUGAR`),
  ADD KEY `FUN_FK_IDES` (`ID_ESTABLECIMIENTO`);

--
-- Indices de la tabla `grupos`
--
ALTER TABLE `grupos`
  ADD PRIMARY KEY (`ID_AREA`,`ID_ASUNTO`),
  ADD KEY `GRU_FK_IDASU` (`ID_ASUNTO`);

--
-- Indices de la tabla `intereses`
--
ALTER TABLE `intereses`
  ADD PRIMARY KEY (`ID_AREA`,`ID_DOCENTE`),
  ADD KEY `GRU_FK_IDDOC` (`ID_DOCENTE`);

--
-- Indices de la tabla `lugares`
--
ALTER TABLE `lugares`
  ADD PRIMARY KEY (`ID_LUGAR`),
  ADD KEY `LUG_FK_IDU` (`ID_UBICACION`);

--
-- Indices de la tabla `publicaciones`
--
ALTER TABLE `publicaciones`
  ADD PRIMARY KEY (`ID_ASUNTO`,`ID_FUNCIONARIO`),
  ADD KEY `PUB_FK_IDFUN` (`ID_FUNCIONARIO`);

--
-- AUTO_INCREMENT de las tablas volcadas
--

--
-- AUTO_INCREMENT de la tabla `areas`
--
ALTER TABLE `areas`
  MODIFY `ID_AREA` int(11) NOT NULL AUTO_INCREMENT, AUTO_INCREMENT=19;
--
-- AUTO_INCREMENT de la tabla `asuntos`
--
ALTER TABLE `asuntos`
  MODIFY `ID_ASUNTO` int(11) NOT NULL AUTO_INCREMENT, AUTO_INCREMENT=10;
--
-- AUTO_INCREMENT de la tabla `establecimientos`
--
ALTER TABLE `establecimientos`
  MODIFY `ID_ESTABLECIMIENTO` int(11) NOT NULL AUTO_INCREMENT, AUTO_INCREMENT=6;
--
-- AUTO_INCREMENT de la tabla `lugares`
--
ALTER TABLE `lugares`
  MODIFY `ID_LUGAR` int(11) NOT NULL AUTO_INCREMENT, AUTO_INCREMENT=1157;
--
-- Restricciones para tablas volcadas
--

--
-- Filtros para la tabla `asuntos`
--
ALTER TABLE `asuntos`
  ADD CONSTRAINT `ASU_FK_IDLU` FOREIGN KEY (`ID_LUGAR`) REFERENCES `lugares` (`ID_LUGAR`);

--
-- Filtros para la tabla `docentes`
--
ALTER TABLE `docentes`
  ADD CONSTRAINT `DOC_FK_IDLU` FOREIGN KEY (`ID_LUGAR`) REFERENCES `lugares` (`ID_LUGAR`);

--
-- Filtros para la tabla `funcionarios`
--
ALTER TABLE `funcionarios`
  ADD CONSTRAINT `FUN_FK_IDES` FOREIGN KEY (`ID_ESTABLECIMIENTO`) REFERENCES `establecimientos` (`ID_ESTABLECIMIENTO`),
  ADD CONSTRAINT `FUN_FK_IDLU` FOREIGN KEY (`ID_LUGAR`) REFERENCES `lugares` (`ID_LUGAR`);

--
-- Filtros para la tabla `grupos`
--
ALTER TABLE `grupos`
  ADD CONSTRAINT `GRU_FK_IDAR` FOREIGN KEY (`ID_AREA`) REFERENCES `areas` (`ID_AREA`),
  ADD CONSTRAINT `GRU_FK_IDASU` FOREIGN KEY (`ID_ASUNTO`) REFERENCES `asuntos` (`ID_ASUNTO`);

--
-- Filtros para la tabla `intereses`
--
ALTER TABLE `intereses`
  ADD CONSTRAINT `GRU_FK_IDARE` FOREIGN KEY (`ID_AREA`) REFERENCES `areas` (`ID_AREA`),
  ADD CONSTRAINT `GRU_FK_IDDOC` FOREIGN KEY (`ID_DOCENTE`) REFERENCES `docentes` (`ID_DOCENTE`);

--
-- Filtros para la tabla `lugares`
--
ALTER TABLE `lugares`
  ADD CONSTRAINT `LUG_FK_IDU` FOREIGN KEY (`ID_UBICACION`) REFERENCES `lugares` (`ID_LUGAR`);

--
-- Filtros para la tabla `publicaciones`
--
ALTER TABLE `publicaciones`
  ADD CONSTRAINT `PUB_FK_IDASU` FOREIGN KEY (`ID_ASUNTO`) REFERENCES `asuntos` (`ID_ASUNTO`),
  ADD CONSTRAINT `PUB_FK_IDFUN` FOREIGN KEY (`ID_FUNCIONARIO`) REFERENCES `funcionarios` (`ID_FUNCIONARIO`);

/*!40101 SET CHARACTER_SET_CLIENT=@OLD_CHARACTER_SET_CLIENT */;
/*!40101 SET CHARACTER_SET_RESULTS=@OLD_CHARACTER_SET_RESULTS */;
/*!40101 SET COLLATION_CONNECTION=@OLD_COLLATION_CONNECTION */;
